{
    "name": "iwda/iwdaWord2digi",
    "type": "typo3-cms-extension",
    "description": "",
    "authors": [
      {
        "name": "David Iwertowski"
      }
    ],
    "require-dev": {
      "symfony/finder": "2.5.x-dev",
      "guzzle/guzzle": "~3.9",
      "behat/behat": "2.5.*@stable",
      "bshaffer/oauth2-server-php": "v1.0",
      "justinrainbow/json-schema": "1.5.*"
    },
    "replace": {
      "restler_examples": "*"
    },
    "keywords": [
      "TYPO3",
      "Restler",
      "REST",
      "API"
    ]
  }